variant_name,score_name,stage_id,meta_year,meta_race,stage_nr,rows,ndcg_at_5,ndcg_at_10,ndcg_at_20,top_1_accuracy,top_5_accuracy,top_10_accuracy,top_20_accuracy,map,map_at_10,spearman_rho
standard,score_topk_raw_sum,giro-d-italia_2024_ST1,2024,giro-d-italia,1,176,0.2139862647345275,0.18686235809519894,0.22974043203032513,0.0,0.0,0.0,1.0,0.19433202061371196,0.05,-0.00976007043803654
standard,score_topk_raw_sum,giro-d-italia_2024_ST10,2024,giro-d-italia,10,158,0.4129661340768606,0.3297146373676949,0.34348783106366615,0.0,0.0,0.0,0.0,0.41102672777080346,0.065,0.3116942188362828
standard,score_topk_raw_sum,giro-d-italia_2024_ST11,2024,giro-d-italia,11,155,0.5255527409340818,0.44543990989744753,0.5027152242738875,0.0,0.0,0.0,0.0,0.5218818763387179,0.25,0.21865231542650898
standard,score_topk_raw_sum,giro-d-italia_2024_ST12,2024,giro-d-italia,12,154,0.07132875491150917,0.052422057695528976,0.15255295408805375,0.0,0.0,0.0,0.0,0.19169468578008245,0.0,-0.09537445476724415
standard,score_topk_raw_sum,giro-d-italia_2024_ST13,2024,giro-d-italia,13,154,0.11305340175787205,0.24014027219022724,0.33813527438688207,0.0,0.0,0.0,1.0,0.3904006972491171,0.034722222222222224,0.2958032479854112
standard,score_topk_raw_sum,giro-d-italia_2024_ST15,2024,giro-d-italia,15,150,0.7182389434354811,0.6055785551546314,0.6583893173728445,1.0,1.0,1.0,1.0,0.6637743741691866,0.3044444444444444,0.47438730610249347
standard,score_topk_raw_sum,giro-d-italia_2024_ST16,2024,giro-d-italia,16,146,0.5722318118905662,0.4778455118663796,0.5553083198033206,1.0,1.0,1.0,1.0,0.6000419068585987,0.16666666666666666,0.38021266135173964
standard,score_topk_raw_sum,giro-d-italia_2024_ST17,2024,giro-d-italia,17,145,0.5466484618075886,0.6080315287631344,0.6046133246472188,0.0,0.0,1.0,1.0,0.5615365289152469,0.2844444444444444,0.46627302786962677
standard,score_topk_raw_sum,giro-d-italia_2024_ST18,2024,giro-d-italia,18,144,0.6857520085490891,0.6122129931461373,0.5874982526989474,0.0,1.0,1.0,1.0,0.5061420707611572,0.38416666666666666,0.26176352383248935
standard,score_topk_raw_sum,giro-d-italia_2024_ST19,2024,giro-d-italia,19,142,0.0,0.0,0.15824182519848767,0.0,0.0,0.0,0.0,0.202706500405729,0.0,0.3296059649071336
standard,score_topk_raw_sum,giro-d-italia_2024_ST2,2024,giro-d-italia,2,175,0.387849655221185,0.4170862068743285,0.44652790948246396,1.0,1.0,1.0,1.0,0.3527146657899773,0.15833333333333333,0.3229780564263323
standard,score_topk_raw_sum,giro-d-italia_2024_ST20,2024,giro-d-italia,20,142,0.5870338659231393,0.538536745132143,0.5843484138065351,1.0,1.0,1.0,1.0,0.5552463208932796,0.24285714285714283,0.401346630594458
standard,score_topk_raw_sum,giro-d-italia_2024_ST21,2024,giro-d-italia,21,142,0.7294870343865364,0.5885482168047633,0.5847341512890106,0.0,1.0,1.0,1.0,0.46395832567893913,0.38416666666666666,0.2520479221108529
standard,score_topk_raw_sum,giro-d-italia_2024_ST3,2024,giro-d-italia,3,173,0.39769728514363656,0.4573049241146225,0.5025813264283667,0.0,0.0,1.0,1.0,0.5781727679131181,0.1,0.3374827910685067
standard,score_topk_raw_sum,giro-d-italia_2024_ST4,2024,giro-d-italia,4,170,0.38289523111106344,0.4904628752991939,0.47620549099546966,0.0,0.0,0.0,0.0,0.4133464346706498,0.21051587301587302,0.3068068709888191
standard,score_topk_raw_sum,giro-d-italia_2024_ST5,2024,giro-d-italia,5,169,0.15678842759531933,0.27107787724562993,0.2580402630123229,0.0,0.0,0.0,0.0,0.3479421215631904,0.06928571428571428,0.23839938342200787
standard,score_topk_raw_sum,giro-d-italia_2024_ST6,2024,giro-d-italia,6,165,0.07132875491150917,0.052422057695528976,0.11192141297026233,0.0,0.0,0.0,0.0,0.17638334360927782,0.0,0.03472604386503888
standard,score_topk_raw_sum,giro-d-italia_2024_ST8,2024,giro-d-italia,8,164,0.5524753337478715,0.565968687093841,0.5690203629473861,1.0,1.0,1.0,1.0,0.49002983197208383,0.25666666666666665,0.4125719260538952
standard,score_topk_raw_sum,giro-d-italia_2024_ST9,2024,giro-d-italia,9,162,0.5403547949666548,0.39712609974672525,0.49370465529488533,0.0,0.0,0.0,1.0,0.49312711655306884,0.2,0.1326759446257979
standard,score_topk_raw_sum,giro-d-italia_2025_ST1,2025,giro-d-italia,1,172,0.3391602052736162,0.41308457582803093,0.4475737361686748,1.0,1.0,1.0,1.0,0.29268850450896006,0.16666666666666666,0.1159654075368553
standard,score_topk_raw_sum,giro-d-italia_2025_ST11,2025,giro-d-italia,11,163,0.387849655221185,0.47358141243753205,0.6206653058047606,0.0,0.0,1.0,1.0,0.557842639945892,0.25666666666666665,0.3872983412860714
standard,score_topk_raw_sum,giro-d-italia_2025_ST12,2025,giro-d-italia,12,163,0.7438044470437415,0.7220333315133327,0.7115106095223034,0.0,1.0,1.0,1.0,0.6985602394882173,0.27666666666666667,0.3134570302758242
standard,score_topk_raw_sum,giro-d-italia_2025_ST13,2025,giro-d-italia,13,163,0.5684153189413677,0.523368671480651,0.46748973362110435,0.0,1.0,1.0,1.0,0.47740531644446643,0.3430952380952381,0.36781828963483904
standard,score_topk_raw_sum,giro-d-italia_2025_ST14,2025,giro-d-italia,14,162,0.1312050775123418,0.1684798964525192,0.17086735388445184,0.0,0.0,0.0,0.0,0.17680848360145265,0.04,0.22391720684598784
standard,score_topk_raw_sum,giro-d-italia_2025_ST15,2025,giro-d-italia,15,161,0.048689449947568804,0.13851432035805314,0.1528076811311613,0.0,0.0,0.0,0.0,0.2546303358699468,0.01111111111111111,0.39025189786059356
standard,score_topk_raw_sum,giro-d-italia_2025_ST16,2025,giro-d-italia,16,157,0.11506378074895644,0.24886894241326674,0.3746367005831296,0.0,0.0,0.0,0.0,0.45417879638141384,0.014285714285714285,0.4265407252587773
standard,score_topk_raw_sum,giro-d-italia_2025_ST17,2025,giro-d-italia,17,155,0.1312050775123418,0.30370914589411546,0.3571292752104609,0.0,0.0,1.0,1.0,0.3684064647818236,0.07833333333333334,0.38524378846959484
standard,score_topk_raw_sum,giro-d-italia_2025_ST18,2025,giro-d-italia,18,154,0.0,0.029343600829094776,0.04116339966236354,0.0,0.0,0.0,0.0,0.13814972847346518,0.0,0.08666387376064796
standard,score_topk_raw_sum,giro-d-italia_2025_ST19,2025,giro-d-italia,19,152,0.41383858190702194,0.5417985919124433,0.4819948472924055,0.0,0.0,0.0,0.0,0.49077776097233866,0.29603174603174603,0.5535576377640634
standard,score_topk_raw_sum,giro-d-italia_2025_ST20,2025,giro-d-italia,20,152,0.1278554557904452,0.2437371605367739,0.2554629250024348,0.0,0.0,0.0,0.0,0.33545664777098605,0.03111111111111111,0.5093596867119102
standard,score_topk_raw_sum,giro-d-italia_2025_ST21,2025,giro-d-italia,21,152,0.8573424901769816,0.6563027434815549,0.6315927952828786,0.0,1.0,1.0,1.0,0.5340975776024667,0.32166666666666666,0.31342477736999297
standard,score_topk_raw_sum,giro-d-italia_2025_ST3,2025,giro-d-italia,3,172,0.0,0.15068567045080522,0.14628368693197927,0.0,0.0,1.0,1.0,0.1698478641918907,0.0325,0.35602078189154834
standard,score_topk_raw_sum,giro-d-italia_2025_ST4,2025,giro-d-italia,4,172,0.6884730055194255,0.6301489878115778,0.6469562875535403,,,,,0.5819989688584919,0.25,0.20590628338557107
standard,score_topk_raw_sum,giro-d-italia_2025_ST5,2025,giro-d-italia,5,171,0.3391602052736162,0.2732785149433336,0.35322431738100424,1.0,1.0,1.0,1.0,0.246518449681343,0.1,0.13658050735594116
standard,score_topk_raw_sum,giro-d-italia_2025_ST6,2025,giro-d-italia,6,168,0.1695801026368081,0.3348815995793634,0.315736916428948,0.0,1.0,1.0,1.0,0.3726076893229814,0.09523809523809523,0.2083812088418261
standard,score_topk_raw_sum,giro-d-italia_2025_ST7,2025,giro-d-italia,7,165,0.6696107117857037,0.6457758474537348,0.7112139382650422,1.0,1.0,1.0,1.0,0.6591852413769499,0.3488095238095238,0.48908449763577605
standard,score_topk_raw_sum,giro-d-italia_2025_ST8,2025,giro-d-italia,8,165,0.17159048162789248,0.2107901932966545,0.2906012247731714,0.0,0.0,0.0,0.0,0.4175205364259221,0.01111111111111111,0.3835092031095558
standard,score_topk_raw_sum,giro-d-italia_2025_ST9,2025,giro-d-italia,9,163,0.6588294157352994,0.6460403280278962,0.6365739054450023,0.0,0.0,1.0,1.0,0.6220848142525497,0.5133333333333333,0.3806341130895971
standard,score_topk_raw_sum,tour-de-france_2024_ST1,2024,tour-de-france,1,173,0.7000872676810114,0.588765301949078,0.5413729977079274,0.0,0.0,0.0,0.0,0.4904095649354271,0.33999999999999997,0.3701809197565487
standard,score_topk_raw_sum,tour-de-france_2024_ST10,2024,tour-de-france,10,170,0.5516028859177102,0.5466033375273991,0.5024761631033379,1.0,1.0,1.0,1.0,0.48139237901904286,0.25,0.24111601663399715
standard,score_topk_raw_sum,tour-de-france_2024_ST11,2024,tour-de-france,11,166,0.9434732991210638,0.878543980187673,0.8157726066268342,1.0,1.0,1.0,1.0,0.7071380197466979,0.67,0.42131421712981487
standard,score_topk_raw_sum,tour-de-france_2024_ST12,2024,tour-de-france,12,160,0.7227265726449517,0.5865489839865344,0.5705222237854374,0.0,0.0,0.0,0.0,0.41079474788900683,0.3571428571428571,0.24291573889605061
standard,score_topk_raw_sum,tour-de-france_2024_ST13,2024,tour-de-france,13,157,0.5087403079104242,0.4817048685954765,0.45068935895098755,1.0,1.0,1.0,1.0,0.3094238575091818,0.2595238095238095,0.25869051532197546
standard,score_topk_raw_sum,tour-de-france_2024_ST14,2024,tour-de-france,14,152,0.7507870966196645,0.7726927902446912,0.7576881107849136,0.0,1.0,1.0,1.0,0.6720263341359838,0.488095238095238,0.5221194786733097
standard,score_topk_raw_sum,tour-de-france_2024_ST15,2024,tour-de-france,15,150,0.8638404983775365,0.8025742607198029,0.8534709277246892,0.0,1.0,1.0,1.0,0.7962278934254741,0.4833333333333333,0.5422658784834882
standard,score_topk_raw_sum,tour-de-france_2024_ST16,2024,tour-de-france,16,148,0.5446380828165043,0.5369747500937266,0.5629336377666627,1.0,1.0,1.0,1.0,0.5833492149313173,0.2095238095238095,0.4571199058255626
standard,score_topk_raw_sum,tour-de-france_2024_ST17,2024,tour-de-france,17,143,0.1460683498427064,0.10735086393200936,0.20521761258702598,0.0,0.0,0.0,0.0,0.18927458085834434,0.025,0.37651022686233954
standard,score_topk_raw_sum,tour-de-france_2024_ST18,2024,tour-de-france,18,143,0.101832549059341,0.13136685855932448,0.14830658610918548,0.0,0.0,0.0,0.0,0.1805752860271265,0.05,0.1620333891460652
standard,score_topk_raw_sum,tour-de-france_2024_ST19,2024,tour-de-france,19,139,0.6377336948617924,0.7351675457343968,0.730873992927891,0.0,1.0,1.0,1.0,0.7738183013359927,0.4708333333333333,0.5293712855802314
standard,score_topk_raw_sum,tour-de-france_2024_ST2,2024,tour-de-france,2,173,0.0,0.026211028847764505,0.0747097165951538,0.0,0.0,0.0,0.0,0.14322978031064265,0.0,-0.16744232400535852
standard,score_topk_raw_sum,tour-de-france_2024_ST20,2024,tour-de-france,20,139,0.8073137974986005,0.7219802782837945,0.7057006842885051,0.0,1.0,1.0,1.0,0.6639929517195163,0.5291666666666667,0.5366459627329191
standard,score_topk_raw_sum,tour-de-france_2024_ST3,2024,tour-de-france,3,173,0.5087403079104242,0.44892651428927643,0.40553904805637114,0.0,0.0,0.0,0.0,0.31932751389719244,0.19999999999999998,0.17382527314108778
standard,score_topk_raw_sum,tour-de-france_2024_ST4,2024,tour-de-france,4,172,0.8560032474461693,0.8084829428094795,0.7892048131370024,0.0,1.0,1.0,1.0,0.6891392943540304,0.5225,0.564382120781184
standard,score_topk_raw_sum,tour-de-france_2024_ST5,2024,tour-de-france,5,172,0.4322558173189044,0.4240090396469832,0.4370321842790732,0.0,0.0,1.0,1.0,0.4105930308260349,0.15416666666666665,0.29080262155590614
standard,score_topk_raw_sum,tour-de-france_2024_ST6,2024,tour-de-france,6,172,0.2826335043946801,0.3762078836681788,0.3717929471456163,0.0,0.0,1.0,1.0,0.399497999884046,0.10952380952380951,0.33011180997257217
standard,score_topk_raw_sum,tour-de-france_2024_ST8,2024,tour-de-france,8,171,0.2557109115808904,0.2767196660749483,0.2867621559923957,0.0,0.0,0.0,0.0,0.28340198066153693,0.08333333333333333,0.29718002255981957
standard,score_topk_raw_sum,tour-de-france_2024_ST9,2024,tour-de-france,9,171,0.0,0.0,0.08701492873186953,0.0,0.0,0.0,0.0,0.17661881703105384,0.0,0.03252453980368158
standard,score_topk_raw_sum,tour-de-france_2025_ST1,2025,tour-de-france,1,179,0.48522855511632257,0.380629378875343,0.3814457646550778,1.0,1.0,1.0,1.0,0.24277334367786801,0.15,0.24570334567823734
standard,score_topk_raw_sum,tour-de-france_2025_ST10,2025,tour-de-france,10,170,0.548658840798673,0.4646165380780067,0.4629081376709139,0.0,0.0,0.0,0.0,0.5408142724809677,0.26,0.4656505517186632
standard,score_topk_raw_sum,tour-de-france_2025_ST11,2025,tour-de-france,11,170,0.3391602052736162,0.33804954199999904,0.3780744050843112,0.0,0.0,0.0,1.0,0.22271859681218986,0.13333333333333333,0.05409957193715232
standard,score_topk_raw_sum,tour-de-france_2025_ST12,2025,tour-de-france,12,169,0.6455709457931597,0.5298445493251251,0.5705881399573567,1.0,1.0,1.0,1.0,0.43597932712736887,0.24285714285714283,0.4612276863408085
standard,score_topk_raw_sum,tour-de-france_2025_ST14,2025,tour-de-france,14,165,0.5531464700081437,0.4900300391364779,0.5085673068326084,0.0,0.0,0.0,0.0,0.42859184832018327,0.2,0.4506932385862742
standard,score_topk_raw_sum,tour-de-france_2025_ST15,2025,tour-de-france,15,164,0.0,0.08878855502583602,0.13671065724636283,0.0,0.0,0.0,0.0,0.1471243064980064,0.016666666666666666,0.1190891406962034
standard,score_topk_raw_sum,tour-de-france_2025_ST16,2025,tour-de-france,16,163,0.4818177150966345,0.4611350230120393,0.5417198433310899,0.0,0.0,0.0,0.0,0.48705202421125354,0.2375,0.43420286963605836
standard,score_topk_raw_sum,tour-de-france_2025_ST17,2025,tour-de-france,17,162,0.5531464700081437,0.4577498668511918,0.41550425929219426,0.0,1.0,1.0,1.0,0.33349332613899807,0.2,0.07356176814699088
standard,score_topk_raw_sum,tour-de-france_2025_ST18,2025,tour-de-france,18,159,0.69921481985085,0.6192927103168169,0.6316690751255511,0.0,1.0,1.0,1.0,0.5005851369136398,0.38769841269841265,0.44723549080487224
standard,score_topk_raw_sum,tour-de-france_2025_ST19,2025,tour-de-france,19,159,0.5531464700081437,0.4611350230120393,0.5441841433473776,0.0,0.0,0.0,0.0,0.3838816252037848,0.2,0.41867387150704566
standard,score_topk_raw_sum,tour-de-france_2025_ST2,2025,tour-de-france,2,179,0.27051296561346355,0.1988096709156141,0.2854820857637751,0.0,0.0,0.0,1.0,0.2799884091544345,0.05,0.23501349570020713
standard,score_topk_raw_sum,tour-de-france_2025_ST20,2025,tour-de-france,20,158,0.0,0.05242205769552901,0.09118072108958131,0.0,0.0,0.0,0.0,0.13369674123009406,0.0125,0.23723870822488166
standard,score_topk_raw_sum,tour-de-france_2025_ST21,2025,tour-de-france,21,158,0.2261068035157441,0.38608459793834027,0.4047987140502092,0.0,0.0,1.0,1.0,0.29082959200717245,0.21619047619047618,0.24702331602670685
standard,score_topk_raw_sum,tour-de-france_2025_ST3,2025,tour-de-france,3,178,0.3835663673713356,0.36498366223172285,0.46611242892191423,0.0,0.0,1.0,1.0,0.2931341933816335,0.1595238095238095,0.20611876003400256
standard,score_topk_raw_sum,tour-de-france_2025_ST4,2025,tour-de-france,4,178,0.3122376124598264,0.2821819520401682,0.3370459578196746,0.0,1.0,1.0,1.0,0.3123287748407313,0.11666666666666665,0.19917355459827288
standard,score_topk_raw_sum,tour-de-france_2025_ST6,2025,tour-de-france,6,177,0.41249933917620973,0.35896775807854564,0.34748977196902603,0.0,0.0,0.0,0.0,0.3983195971653416,0.2,0.38155935665933766
standard,score_topk_raw_sum,tour-de-france_2025_ST7,2025,tour-de-france,7,175,0.4400930682502716,0.32344016440269563,0.33892727707265413,0.0,1.0,1.0,1.0,0.30037361832932585,0.2,0.10019928347514555
standard,score_topk_raw_sum,tour-de-france_2025_ST8,2025,tour-de-france,8,174,0.5531464700081437,0.5580017795534814,0.4958398064976231,0.0,1.0,1.0,1.0,0.36610983398952696,0.28194444444444444,0.3022512030524787
standard,score_topk_raw_sum,tour-de-france_2025_ST9,2025,tour-de-france,9,173,0.5531464700081437,0.48516024660404344,0.6014642234084321,0.0,0.0,1.0,1.0,0.4184431584441187,0.2375,0.2432265182101785
standard,score_topk_raw_sum,vuelta-a-espana_2024_ST10,2024,vuelta-a-espana,10,155,0.2139862647345275,0.24266957195157546,0.2542775364496521,0.0,1.0,1.0,1.0,0.21837630821234955,0.08333333333333333,0.2734394637620444
standard,score_topk_raw_sum,vuelta-a-espana_2024_ST11,2024,vuelta-a-espana,11,151,0.0,0.05002335588535459,0.0990132416345239,0.0,0.0,0.0,0.0,0.16046845663360126,0.01111111111111111,0.23721505751132796
standard,score_topk_raw_sum,vuelta-a-espana_2024_ST12,2024,vuelta-a-espana,12,149,0.18438215666938124,0.21074928811319568,0.2780261582409974,0.0,0.0,0.0,0.0,0.4326624876932792,0.0,0.389947397061491
standard,score_topk_raw_sum,vuelta-a-espana_2024_ST13,2024,vuelta-a-espana,13,146,0.2281171825068285,0.32849262980193356,0.33748399466095785,0.0,0.0,1.0,1.0,0.38014399391206233,0.03666666666666667,0.5318943826940319
standard,score_topk_raw_sum,vuelta-a-espana_2024_ST14,2024,vuelta-a-espana,14,145,0.1695801026368081,0.23287416988813117,0.2439055029982248,0.0,0.0,1.0,1.0,0.1821132395673661,0.05833333333333333,0.3056487167375216
standard,score_topk_raw_sum,vuelta-a-espana_2024_ST15,2024,vuelta-a-espana,15,143,0.7570807634605983,0.7430420636531992,0.7214134562514043,0.0,0.0,0.0,0.0,0.6594932673269002,0.5607142857142857,0.38670836206047476
standard,score_topk_raw_sum,vuelta-a-espana_2024_ST16,2024,vuelta-a-espana,16,139,0.2846438833857645,0.344411060961863,0.407736101438164,0.0,0.0,0.0,1.0,0.5904674155829142,0.014285714285714285,0.40275704901916964
standard,score_topk_raw_sum,vuelta-a-espana_2024_ST17,2024,vuelta-a-espana,17,137,0.0,0.0851316473800667,0.10706739143839492,0.0,0.0,1.0,1.0,0.14607335755537956,0.014285714285714285,0.08748389866895664
standard,score_topk_raw_sum,vuelta-a-espana_2024_ST18,2024,vuelta-a-espana,18,135,0.21826955258437689,0.19001029980636333,0.19103564774046794,0.0,0.0,0.0,0.0,0.21625151130964126,0.03333333333333333,0.3122475856014048
standard,score_topk_raw_sum,vuelta-a-espana_2024_ST19,2024,vuelta-a-espana,19,135,0.6971432225619741,0.811893376058814,0.7403969866907334,1.0,1.0,1.0,1.0,0.6119484458757035,0.4730952380952381,0.39386889083991816
standard,score_topk_raw_sum,vuelta-a-espana_2024_ST2,2024,vuelta-a-espana,2,171,0.6018359199557124,0.4423107813714197,0.4327464581467076,1.0,1.0,1.0,1.0,0.2877558750061038,0.2,0.23096455228358176
standard,score_topk_raw_sum,vuelta-a-espana_2024_ST20,2024,vuelta-a-espana,20,131,0.6110124136178919,0.6321085382515956,0.6639079179104393,0.0,0.0,0.0,1.0,0.6592973195958272,0.3463095238095238,0.43494902044520367
standard,score_topk_raw_sum,vuelta-a-espana_2024_ST3,2024,vuelta-a-espana,3,171,0.6096731708870796,0.4480706578897771,0.4599480488305579,0.0,1.0,1.0,1.0,0.33405701175709923,0.2,0.3514099887200902
standard,score_topk_raw_sum,vuelta-a-espana_2024_ST4,2024,vuelta-a-espana,4,171,0.6534081967245269,0.5794708581335626,0.6620244605545944,1.0,1.0,1.0,1.0,0.5763014182122823,0.22999999999999998,0.49494084047327624
standard,score_topk_raw_sum,vuelta-a-espana_2024_ST5,2024,vuelta-a-espana,5,170,0.6505253699032812,0.5668829577079255,0.5127491493083932,0.0,0.0,0.0,0.0,0.34474071098822834,0.3416666666666667,0.1812775935662337
standard,score_topk_raw_sum,vuelta-a-espana_2024_ST6,2024,vuelta-a-espana,6,167,0.04373502583744727,0.16525278905841148,0.17197802280401958,0.0,0.0,1.0,1.0,0.22196081866981182,0.0365079365079365,0.42240304245210103
standard,score_topk_raw_sum,vuelta-a-espana_2024_ST7,2024,vuelta-a-espana,7,165,0.3600546145772339,0.3709457887812413,0.4402656100447177,0.0,1.0,1.0,1.0,0.33720835477638633,0.1375,0.21416130152539206
standard,score_topk_raw_sum,vuelta-a-espana_2024_ST8,2024,vuelta-a-espana,8,163,0.6018359199557124,0.5450414804188032,0.5884198914831776,1.0,1.0,1.0,1.0,0.45780683814142653,0.23333333333333334,0.391233145460289
standard,score_topk_raw_sum,vuelta-a-espana_2024_ST9,2024,vuelta-a-espana,9,159,0.4670156610640614,0.5586832400061899,0.5897769083753504,0.0,1.0,1.0,1.0,0.5662543883696644,0.31666666666666665,0.49259314545020305
standard,score_topk_raw_sum,vuelta-a-espana_2025_ST1,2025,vuelta-a-espana,1,168,0.4104889601851253,0.30168304466969204,0.4112742546756076,1.0,1.0,1.0,1.0,0.3110410787319159,0.1,0.34095798259778
standard,score_topk_raw_sum,vuelta-a-espana_2025_ST10,2025,vuelta-a-espana,10,153,0.14111392573258486,0.10370968013634208,0.2442678472287167,0.0,0.0,0.0,0.0,0.29989246387705315,0.025,0.2635264632168656
standard,score_topk_raw_sum,vuelta-a-espana_2025_ST12,2025,vuelta-a-espana,12,148,0.4266302569485107,0.3212617756871598,0.3557866028342437,0.0,0.0,0.0,1.0,0.22772747142285843,0.13999999999999999,0.09375242932289914
standard,score_topk_raw_sum,vuelta-a-espana_2025_ST13,2025,vuelta-a-espana,13,144,0.4104889601851253,0.40978171827042376,0.5602411149995435,0.0,0.0,1.0,1.0,0.44596006283648204,0.12857142857142856,0.2910216220561048
standard,score_topk_raw_sum,vuelta-a-espana_2025_ST14,2025,vuelta-a-espana,14,143,0.4104889601851253,0.523581951238937,0.5538777484248519,0.0,0.0,1.0,1.0,0.4359889189983949,0.22063492063492066,0.39563429528218264
standard,score_topk_raw_sum,vuelta-a-espana_2025_ST15,2025,vuelta-a-espana,15,143,0.2772734273550482,0.20377817647701685,0.24823806172581034,0.0,1.0,1.0,1.0,0.22003108941827454,0.065,0.16026872188844019
standard,score_topk_raw_sum,vuelta-a-espana_2025_ST16,2025,vuelta-a-espana,16,140,0.11305340175787205,0.18433305833385075,0.2804007392348519,0.0,0.0,1.0,1.0,0.29452711959756034,0.01111111111111111,0.24220769281231555
standard,score_topk_raw_sum,vuelta-a-espana_2025_ST17,2025,vuelta-a-espana,17,140,0.4818177150966345,0.46340312687103996,0.5803357903406403,0.0,0.0,0.0,1.0,0.4219498411254414,0.24285714285714283,0.26454702499398663
standard,score_topk_raw_sum,vuelta-a-espana_2025_ST19,2025,vuelta-a-espana,19,140,0.69921481985085,0.5265238246784076,0.5774563286793292,1.0,1.0,1.0,1.0,0.34215419370975025,0.275,0.10670223699459888
standard,score_topk_raw_sum,vuelta-a-espana_2025_ST2,2025,vuelta-a-espana,2,167,0.5953379117551575,0.6742902783504163,0.6468768512985494,1.0,1.0,1.0,1.0,0.5781290129754113,0.39630952380952383,0.41138291403423793
standard,score_topk_raw_sum,vuelta-a-espana_2025_ST20,2025,vuelta-a-espana,20,140,0.4104889601851253,0.390471599695528,0.5557381526223669,1.0,1.0,1.0,1.0,0.4287302913043513,0.13333333333333333,0.4278716844153857
standard,score_topk_raw_sum,vuelta-a-espana_2025_ST3,2025,vuelta-a-espana,3,165,0.30573960425927144,0.31079664344778124,0.4046223940366304,0.0,0.0,0.0,1.0,0.31659416009569236,0.11083333333333334,0.3566639061790399
standard,score_topk_raw_sum,vuelta-a-espana_2025_ST4,2025,vuelta-a-espana,4,163,0.4400930682502716,0.34011577055090264,0.2992629574737665,0.0,0.0,0.0,0.0,0.27832332789664826,0.2,0.2904467388232165
standard,score_topk_raw_sum,vuelta-a-espana_2025_ST6,2025,vuelta-a-espana,6,159,0.2281171825068285,0.2440910765332854,0.3219081286804558,0.0,0.0,0.0,0.0,0.4596213683840441,0.0125,0.41887389539049447
standard,score_topk_raw_sum,vuelta-a-espana_2025_ST7,2025,vuelta-a-espana,7,156,0.38697720739102365,0.36063779984773897,0.4017541008238305,0.0,1.0,1.0,1.0,0.5543425490550427,0.04722222222222222,0.3248376033253781
standard,score_topk_raw_sum,vuelta-a-espana_2025_ST8,2025,vuelta-a-espana,8,154,0.4818177150966345,0.43664481533769917,0.4533216660337294,1.0,1.0,1.0,1.0,0.29126463351448195,0.22999999999999998,0.21337637694373937
standard,score_topk_raw_sum,vuelta-a-espana_2025_ST9,2025,vuelta-a-espana,9,154,0.31920241556103235,0.4203873044625806,0.4948373828779003,0.0,1.0,1.0,1.0,0.43569496035415267,0.10500000000000001,0.16254548740317243
thinking_medium_roc_auc,score_topk_raw_sum,giro-d-italia_2024_ST1,2024,giro-d-italia,1,176,0.27051296561346355,0.2708622548231258,0.24240047789849367,0.0,0.0,1.0,1.0,0.19429447413015236,0.06999999999999999,-0.09032137354171252
thinking_medium_roc_auc,score_topk_raw_sum,giro-d-italia_2024_ST10,2024,giro-d-italia,10,158,0.3304505065120876,0.3248781599897337,0.3919840959712872,0.0,0.0,0.0,0.0,0.4149292557958149,0.05,0.2922406173795445
thinking_medium_roc_auc,score_topk_raw_sum,giro-d-italia_2024_ST11,2024,giro-d-italia,11,155,0.4959486328689355,0.4135196260590677,0.49878778888709824,0.0,0.0,0.0,0.0,0.5041161605908988,0.16666666666666666,0.18680029647771584
thinking_medium_roc_auc,score_topk_raw_sum,giro-d-italia_2024_ST12,2024,giro-d-italia,12,154,0.07132875491150917,0.052422057695528976,0.18164384550473256,0.0,0.0,0.0,1.0,0.1744624550185745,0.0,-0.16565054174162336
thinking_medium_roc_auc,score_topk_raw_sum,giro-d-italia_2024_ST13,2024,giro-d-italia,13,154,0.2826335043946801,0.2893198484316033,0.3726566481241983,0.0,0.0,0.0,0.0,0.4049579291494737,0.06190476190476191,0.27193211595488637
thinking_medium_roc_auc,score_topk_raw_sum,giro-d-italia_2024_ST15,2024,giro-d-italia,15,150,0.5305071650442033,0.5471472011396442,0.6068832756547338,1.0,1.0,1.0,1.0,0.564633530241154,0.2375,0.45256589181741413
thinking_medium_roc_auc,score_topk_raw_sum,giro-d-italia_2024_ST16,2024,giro-d-italia,16,146,0.5672773877804447,0.4681351846331907,0.6090324790088305,1.0,1.0,1.0,1.0,0.6059781125242389,0.16666666666666666,0.40853537447099775
thinking_medium_roc_auc,score_topk_raw_sum,giro-d-italia_2024_ST17,2024,giro-d-italia,17,145,0.4831569578274467,0.5155277925262156,0.5645678418002076,0.0,0.0,0.0,1.0,0.5302283819585163,0.2344444444444444,0.46722957014643357
thinking_medium_roc_auc,score_topk_raw_sum,giro-d-italia_2024_ST18,2024,giro-d-italia,18,144,0.6242708835600316,0.48281656793870786,0.5166482333892435,0.0,0.0,0.0,1.0,0.4775434244968322,0.21000000000000002,0.2603207137689897
thinking_medium_roc_auc,score_topk_raw_sum,giro-d-italia_2024_ST19,2024,giro-d-italia,19,142,0.0,0.0,0.1236777542890049,0.0,0.0,0.0,0.0,0.18808547007573556,0.0,0.29507471850894085
thinking_medium_roc_auc,score_topk_raw_sum,giro-d-italia_2024_ST2,2024,giro-d-italia,2,175,0.43942193198999946,0.3993865079828923,0.4665703696354162,1.0,1.0,1.0,1.0,0.35727229920116244,0.125,0.31818629646215857
thinking_medium_roc_auc,score_topk_raw_sum,giro-d-italia_2024_ST20,2024,giro-d-italia,20,142,0.6420169827116419,0.5475720052369218,0.5793516226270501,1.0,1.0,1.0,1.0,0.5428187598492477,0.2816666666666666,0.3913087212457905
thinking_medium_roc_auc,score_topk_raw_sum,giro-d-italia_2024_ST21,2024,giro-d-italia,21,142,0.43653910516875377,0.4002370880033761,0.44019649988457316,0.0,0.0,0.0,0.0,0.4164717636449823,0.19285714285714287,0.2477812867384339
thinking_medium_roc_auc,score_topk_raw_sum,giro-d-italia_2024_ST3,2024,giro-d-italia,3,173,0.3494746300967187,0.3330758120758779,0.34301474079278577,0.0,0.0,0.0,0.0,0.4864742776501144,0.042222222222222223,0.3162827780893799
thinking_medium_roc_auc,score_topk_raw_sum,giro-d-italia_2024_ST4,2024,giro-d-italia,4,170,0.3391602052736162,0.3740209140437035,0.4454019406303331,0.0,0.0,0.0,0.0,0.39935057243508926,0.12,0.33430792435317325
thinking_medium_roc_auc,score_topk_raw_sum,giro-d-italia_2024_ST5,2024,giro-d-italia,5,169,0.11305340175787205,0.1835441092919245,0.2543786944140507,0.0,0.0,0.0,0.0,0.31550768289685804,0.0325,0.235594948038387
thinking_medium_roc_auc,score_topk_raw_sum,giro-d-italia_2024_ST6,2024,giro-d-italia,6,165,0.07132875491150917,0.052422057695528976,0.11217656651243463,0.0,0.0,0.0,0.0,0.15870701844223248,0.0,-0.067833195308952
thinking_medium_roc_auc,score_topk_raw_sum,giro-d-italia_2024_ST8,2024,giro-d-italia,8,164,0.48522855511632257,0.5337938356712418,0.5286718444066993,1.0,1.0,1.0,1.0,0.42956012314073416,0.22749999999999998,0.3963843129786568
thinking_medium_roc_auc,score_topk_raw_sum,giro-d-italia_2024_ST9,2024,giro-d-italia,9,162,0.42870185423738655,0.36897504714426116,0.45353035342941017,0.0,0.0,0.0,1.0,0.4593168428701482,0.15,0.09456489984630823
thinking_medium_roc_auc,score_topk_raw_sum,giro-d-italia_2025_ST1,2025,giro-d-italia,1,172,0.47036528278595796,0.39571165540452513,0.41356996921592837,1.0,1.0,1.0,1.0,0.2803028729790713,0.1733333333333333,0.09466703457123787
thinking_medium_roc_auc,score_topk_raw_sum,giro-d-italia_2025_ST11,2025,giro-d-italia,11,163,0.43158468105863224,0.4299931287948419,0.5698531742570278,0.0,0.0,0.0,1.0,0.5617801555368227,0.21666666666666665,0.38435000914426326
thinking_medium_roc_auc,score_topk_raw_sum,giro-d-italia_2025_ST12,2025,giro-d-italia,12,163,0.6832919895416518,0.6983073136600215,0.6743056974615654,0.0,0.0,1.0,1.0,0.670297548043504,0.2733333333333333,0.3459967524010618
thinking_medium_roc_auc,score_topk_raw_sum,giro-d-italia_2025_ST13,2025,giro-d-italia,13,163,0.6292253076701532,0.5604986355889003,0.5548321607293615,0.0,1.0,1.0,1.0,0.50229450110471,0.3044444444444444,0.39873975426870834
thinking_medium_roc_auc,score_topk_raw_sum,giro-d-italia_2025_ST14,2025,giro-d-italia,14,162,0.2139862647345275,0.1572661730865869,0.221659138055271,0.0,0.0,0.0,0.0,0.2030980747693969,0.05,0.22546682642708252
thinking_medium_roc_auc,score_topk_raw_sum,giro-d-italia_2025_ST15,2025,giro-d-italia,15,161,0.0,0.0512227067904418,0.18883730495944895,0.0,0.0,0.0,0.0,0.25094489842783296,0.0,0.376015067862894
thinking_medium_roc_auc,score_topk_raw_sum,giro-d-italia_2025_ST16,2025,giro-d-italia,16,157,0.17654490573801399,0.18542534196244373,0.37958256276922925,0.0,0.0,0.0,0.0,0.47217560236540923,0.0,0.42235749415464
thinking_medium_roc_auc,score_topk_raw_sum,giro-d-italia_2025_ST17,2025,giro-d-italia,17,155,0.048689449947568804,0.2258182390123022,0.4345121054304236,0.0,0.0,1.0,1.0,0.3857845339082033,0.03888888888888888,0.42965421675099097
thinking_medium_roc_auc,score_topk_raw_sum,giro-d-italia_2025_ST18,2025,giro-d-italia,18,154,0.0,0.03135720453285743,0.026136551129440487,0.0,0.0,0.0,0.0,0.14193040133502,0.0,0.14124054313807635
thinking_medium_roc_auc,score_topk_raw_sum,giro-d-italia_2025_ST19,2025,giro-d-italia,19,152,0.3869159890932322,0.4712053904436515,0.48194950595952046,0.0,0.0,0.0,0.0,0.5076220971840109,0.2344444444444444,0.5638194629542301
thinking_medium_roc_auc,score_topk_raw_sum,giro-d-italia_2025_ST20,2025,giro-d-italia,20,152,0.18438215666938124,0.2898651654317358,0.30988205454970763,0.0,0.0,0.0,0.0,0.35939938881619565,0.05333333333333333,0.5049173381447385
thinking_medium_roc_auc,score_topk_raw_sum,giro-d-italia_2025_ST21,2025,giro-d-italia,21,152,0.7261374126646397,0.674166150303141,0.6298464441014259,0.0,0.0,1.0,1.0,0.543283417617436,0.3083333333333333,0.2915034957866032
thinking_medium_roc_auc,score_topk_raw_sum,giro-d-italia_2025_ST3,2025,giro-d-italia,3,172,0.3391602052736162,0.24926098697416305,0.2621531291213073,1.0,1.0,1.0,1.0,0.19573172629821,0.1,0.3281213519077974
thinking_medium_roc_auc,score_topk_raw_sum,giro-d-italia_2025_ST4,2025,giro-d-italia,4,172,0.6884730055194255,0.5404149955451569,0.630064938958215,,,,,0.5419986197663426,0.2,0.21496475427040512
thinking_medium_roc_auc,score_topk_raw_sum,giro-d-italia_2025_ST5,2025,giro-d-italia,5,171,0.3391602052736162,0.27547201582192754,0.3175914143922217,1.0,1.0,1.0,1.0,0.23267042296245116,0.1,0.155249958000336
thinking_medium_roc_auc,score_topk_raw_sum,giro-d-italia_2025_ST6,2025,giro-d-italia,6,168,0.2577212905719748,0.31247870036796244,0.32868601131537195,0.0,1.0,1.0,1.0,0.34380169660257753,0.10222222222222221,0.19842732118181225
thinking_medium_roc_auc,score_topk_raw_sum,giro-d-italia_2025_ST7,2025,giro-d-italia,7,165,0.8460943992259262,0.7234738584906053,0.7045378475189813,1.0,1.0,1.0,1.0,0.6601315642514842,0.43,0.51103838858761
thinking_medium_roc_auc,score_topk_raw_sum,giro-d-italia_2025_ST8,2025,giro-d-italia,8,165,0.23307160661695003,0.23268849085791365,0.3452220094478344,0.0,0.0,0.0,0.0,0.4765780313843179,0.0,0.37104693719445414
thinking_medium_roc_auc,score_topk_raw_sum,giro-d-italia_2025_ST9,2025,giro-d-italia,9,163,0.6794583417081554,0.6576109077678504,0.6648181740298212,0.0,1.0,1.0,1.0,0.6135762640554184,0.5291666666666667,0.4113643794924657
thinking_medium_roc_auc,score_topk_raw_sum,tour-de-france_2024_ST1,2024,tour-de-france,1,173,0.76692839338305,0.5636431553605953,0.5366855468056507,0.0,0.0,0.0,0.0,0.4801594130525893,0.355,0.3463155503845067
thinking_medium_roc_auc,score_topk_raw_sum,tour-de-france_2024_ST10,2024,tour-de-france,10,170,0.507867860080263,0.4803548109182565,0.4491107887862438,1.0,1.0,1.0,1.0,0.427445352591229,0.19285714285714287,0.23750832005178277
thinking_medium_roc_auc,score_topk_raw_sum,tour-de-france_2024_ST11,2024,tour-de-france,11,166,0.9513105500524311,0.8110519218934313,0.8311583135252923,0.0,1.0,1.0,1.0,0.7079584870538819,0.6,0.4187668474660755
thinking_medium_roc_auc,score_topk_raw_sum,tour-de-france_2024_ST12,2024,tour-de-france,12,160,0.5531464700081437,0.543350771024927,0.500314916710901,0.0,0.0,0.0,0.0,0.3730040989801095,0.29,0.24744228290167583
thinking_medium_roc_auc,score_topk_raw_sum,tour-de-france_2024_ST13,2024,tour-de-france,13,157,0.5726986067912171,0.5003055843440509,0.41435094479137247,1.0,1.0,1.0,1.0,0.31220029224578855,0.2671428571428572,0.2708060704916304
thinking_medium_roc_auc,score_topk_raw_sum,tour-de-france_2024_ST14,2024,tour-de-france,14,152,0.838257148294559,0.776087762331471,0.7642276381726246,1.0,1.0,1.0,1.0,0.6821534328419673,0.49309523809523814,0.5066293509387024
thinking_medium_roc_auc,score_topk_raw_sum,tour-de-france_2024_ST15,2024,tour-de-france,15,150,0.9513105500524311,0.7799711005132324,0.8198700931603291,1.0,1.0,1.0,1.0,0.7725539608113138,0.5,0.5168247477665674
thinking_medium_roc_auc,score_topk_raw_sum,tour-de-france_2024_ST16,2024,tour-de-france,16,148,0.4930658060476898,0.5001894883622137,0.5485579740048552,1.0,1.0,1.0,1.0,0.5258991417969814,0.2,0.4320474425939432
thinking_medium_roc_auc,score_topk_raw_sum,tour-de-france_2024_ST17,2024,tour-de-france,17,143,0.1460683498427064,0.10735086393200936,0.20603000876389152,0.0,0.0,0.0,0.0,0.17703376894977546,0.025,0.34520174661019726
thinking_medium_roc_auc,score_topk_raw_sum,tour-de-france_2024_ST18,2024,tour-de-france,18,143,0.09147051710379361,0.12110975031271867,0.14019434887633478,0.0,0.0,0.0,0.0,0.16608160174392267,0.042222222222222223,0.11836813421320463
thinking_medium_roc_auc,score_topk_raw_sum,tour-de-france_2024_ST19,2024,tour-de-france,19,139,0.7330409974680543,0.735625322542995,0.7314494179026246,0.0,1.0,1.0,1.0,0.7591509108896972,0.549047619047619,0.5118950802091246
thinking_medium_roc_auc,score_topk_raw_sum,tour-de-france_2024_ST2,2024,tour-de-france,2,173,0.0,0.05171319318852203,0.04282864538467281,0.0,0.0,0.0,0.0,0.13286232924642208,0.0,-0.1784490870574929
thinking_medium_roc_auc,score_topk_raw_sum,tour-de-france_2024_ST20,2024,tour-de-france,20,139,0.740939466697213,0.7137345253625009,0.7263395633405387,0.0,1.0,1.0,1.0,0.6422636556060656,0.569047619047619,0.5084945708029849
thinking_medium_roc_auc,score_topk_raw_sum,tour-de-france_2024_ST3,2024,tour-de-france,3,173,0.5087403079104242,0.3738914804612446,0.39270043113623004,0.0,0.0,0.0,0.0,0.3112303203194453,0.16666666666666666,0.20138505824383146
thinking_medium_roc_auc,score_topk_raw_sum,tour-de-france_2024_ST4,2024,tour-de-france,4,172,0.9434732991210638,0.775695860366462,0.8319585873423189,1.0,1.0,1.0,1.0,0.6964849297545689,0.5,0.526563417550463
thinking_medium_roc_auc,score_topk_raw_sum,tour-de-france_2024_ST5,2024,tour-de-france,5,172,0.4322558173189044,0.3657153438226794,0.35289499717567535,0.0,0.0,0.0,0.0,0.38892377058505573,0.14666666666666667,0.298611160243666
thinking_medium_roc_auc,score_topk_raw_sum,tour-de-france_2024_ST6,2024,tour-de-france,6,172,0.2826335043946801,0.30817460277900605,0.3471857810412796,0.0,0.0,0.0,1.0,0.371583491385475,0.08833333333333333,0.32965900434646234
thinking_medium_roc_auc,score_topk_raw_sum,tour-de-france_2024_ST8,2024,tour-de-france,8,171,0.4017792614235968,0.2952819749811217,0.333468405174978,0.0,0.0,0.0,0.0,0.3014749539259272,0.1,0.33340533275733797
thinking_medium_roc_auc,score_topk_raw_sum,tour-de-france_2024_ST9,2024,tour-de-france,9,171,0.0,0.025011677942677293,0.14424693932772092,0.0,0.0,0.0,0.0,0.18493114022699905,0.0,0.027030983752129985
thinking_medium_roc_auc,score_topk_raw_sum,tour-de-france_2025_ST1,2025,tour-de-france,1,179,0.4037896404146812,0.39581203633080125,0.34400886276663806,0.0,1.0,1.0,1.0,0.2560515090346724,0.13333333333333333,0.26444667629150714
thinking_medium_roc_auc,score_topk_raw_sum,tour-de-france_2025_ST10,2025,tour-de-france,10,170,0.5713593640604049,0.4851789811969368,0.47869765877335874,0.0,0.0,0.0,0.0,0.5692391127063338,0.275,0.4412808910546467
thinking_medium_roc_auc,score_topk_raw_sum,tour-de-france_2025_ST11,2025,tour-de-france,11,170,0.47036528278595796,0.46068788339277106,0.42853927086257687,0.0,1.0,1.0,1.0,0.2516072992468129,0.19,0.032800239373232946
thinking_medium_roc_auc,score_topk_raw_sum,tour-de-france_2025_ST12,2025,tour-de-france,12,169,0.6583626208346485,0.5362763368959759,0.48133318305376505,1.0,1.0,1.0,1.0,0.44724269939958317,0.2375,0.4433618417781315
thinking_medium_roc_auc,score_topk_raw_sum,tour-de-france_2025_ST14,2025,tour-de-france,14,165,0.6018359199557124,0.4981179952277962,0.5297714689879832,0.0,0.0,0.0,0.0,0.45167540593610245,0.2,0.44694788021264664
thinking_medium_roc_auc,score_topk_raw_sum,tour-de-france_2025_ST15,2025,tour-de-france,15,164,0.0,0.08878855502583602,0.10653839355254939,0.0,0.0,0.0,0.0,0.1303719368768065,0.016666666666666666,0.09767796172105613
thinking_medium_roc_auc,score_topk_raw_sum,tour-de-france_2025_ST16,2025,tour-de-france,16,163,0.4522136070314882,0.4389620198613622,0.5227876260090184,0.0,0.0,0.0,0.0,0.4466820685440047,0.2095238095238095,0.40246119230108457
thinking_medium_roc_auc,score_topk_raw_sum,tour-de-france_2025_ST17,2025,tour-de-france,17,162,0.557429757857993,0.43468677971459163,0.3756722436708284,0.0,1.0,1.0,1.0,0.3247600659341082,0.16666666666666666,0.10989456094817524
thinking_medium_roc_auc,score_topk_raw_sum,tour-de-france_2025_ST18,2025,tour-de-france,18,159,0.69921481985085,0.6192927103168169,0.5792888112647311,0.0,1.0,1.0,1.0,0.4907305437213127,0.38769841269841265,0.42907809887747794
thinking_medium_roc_auc,score_topk_raw_sum,tour-de-france_2025_ST19,2025,tour-de-france,19,159,0.5968814958455909,0.4626871255449231,0.45081967093346714,0.0,0.0,0.0,0.0,0.3911464331319315,0.2,0.394787437305947
thinking_medium_roc_auc,score_topk_raw_sum,tour-de-france_2025_ST2,2025,tour-de-france,2,179,0.24090885754831726,0.203263580030375,0.23814190620799733,0.0,0.0,0.0,0.0,0.29909952584552185,0.03333333333333333,0.2658611093674806
thinking_medium_roc_auc,score_topk_raw_sum,tour-de-france_2025_ST20,2025,tour-de-france,20,158,0.0,0.05002335588535459,0.09426830621669227,0.0,0.0,0.0,0.0,0.1470233178032891,0.01111111111111111,0.2500140714586702
thinking_medium_roc_auc,score_topk_raw_sum,tour-de-france_2025_ST21,2025,tour-de-france,21,158,0.48811138193756826,0.5398759511106126,0.44712295327687185,0.0,0.0,1.0,1.0,0.37299025168219824,0.30396825396825394,0.253047421576338
thinking_medium_roc_auc,score_topk_raw_sum,tour-de-france_2025_ST3,2025,tour-de-france,3,178,0.2139862647345275,0.3014460585511259,0.3374125912280438,0.0,0.0,0.0,1.0,0.24407371369949277,0.1261904761904762,0.2137469957837241
thinking_medium_roc_auc,score_topk_raw_sum,tour-de-france_2025_ST4,2025,tour-de-france,4,178,0.4400930682502716,0.3792473782590721,0.31409105636373275,0.0,1.0,1.0,1.0,0.350556633812693,0.2,0.16203457920757847
thinking_medium_roc_auc,score_topk_raw_sum,tour-de-france_2025_ST6,2025,tour-de-france,6,177,0.41745376328633127,0.3640935782457999,0.35425155645054046,0.0,0.0,0.0,0.0,0.42735766589658253,0.2,0.390553314520178
thinking_medium_roc_auc,score_topk_raw_sum,tour-de-france_2025_ST7,2025,tour-de-france,7,175,0.4818177150966345,0.38370128737383297,0.5100502075000589,1.0,1.0,1.0,1.0,0.36312781310411585,0.2,0.1941804746977161
thinking_medium_roc_auc,score_topk_raw_sum,tour-de-france_2025_ST8,2025,tour-de-france,8,174,0.3600546145772339,0.5558845402186788,0.4768832443420011,0.0,1.0,1.0,1.0,0.32964343524962403,0.32269841269841265,0.294877416782938
thinking_medium_roc_auc,score_topk_raw_sum,tour-de-france_2025_ST9,2025,tour-de-france,9,173,0.47036528278595796,0.45390987544824246,0.3921252445979758,0.0,0.0,0.0,0.0,0.37119245057790273,0.19,0.22455511725250432
thinking_medium_roc_auc,score_topk_raw_sum,vuelta-a-espana_2024_ST10,2024,vuelta-a-espana,10,155,0.2139862647345275,0.21645854310381094,0.264199809607812,0.0,1.0,1.0,1.0,0.21682861231712441,0.08333333333333333,0.2822886790628726
thinking_medium_roc_auc,score_topk_raw_sum,vuelta-a-espana_2024_ST11,2024,vuelta-a-espana,11,151,0.0,0.07503503382803188,0.1435786214406201,0.0,0.0,0.0,0.0,0.15860294153155802,0.01111111111111111,0.18554897176716625
thinking_medium_roc_auc,score_topk_raw_sum,vuelta-a-espana_2024_ST12,2024,vuelta-a-espana,12,149,0.1695801026368081,0.19987072824669389,0.25056530051350223,0.0,0.0,0.0,0.0,0.39205286409804063,0.0,0.39418465445311085
thinking_medium_roc_auc,score_topk_raw_sum,vuelta-a-espana_2024_ST13,2024,vuelta-a-espana,13,146,0.1695801026368081,0.3123487079817798,0.27488489125992105,0.0,0.0,1.0,1.0,0.3461161044495696,0.0365079365079365,0.5100421273847281
thinking_medium_roc_auc,score_topk_raw_sum,vuelta-a-espana_2024_ST14,2024,vuelta-a-espana,14,145,0.3007851801491499,0.2521249008322287,0.21130730115105312,0.0,1.0,1.0,1.0,0.19352139297121881,0.07333333333333333,0.30584947252401196
thinking_medium_roc_auc,score_topk_raw_sum,vuelta-a-espana_2024_ST15,2024,vuelta-a-espana,15,143,0.7521263393504768,0.6882736488476768,0.710958427677752,0.0,0.0,0.0,0.0,0.6366251678263929,0.4680952380952381,0.39323763091368724
thinking_medium_roc_auc,score_topk_raw_sum,vuelta-a-espana_2024_ST16,2024,vuelta-a-espana,16,139,0.3333333333333333,0.3457210091086527,0.4018979062351072,0.0,0.0,0.0,1.0,0.633498345608104,0.01,0.41883462174359887
thinking_medium_roc_auc,score_topk_raw_sum,vuelta-a-espana_2024_ST17,2024,vuelta-a-espana,17,137,0.1695801026368081,0.1276974710701,0.19444960929439462,0.0,1.0,1.0,1.0,0.172832072040633,0.03333333333333333,0.17140683629846734
thinking_medium_roc_auc,score_topk_raw_sum,vuelta-a-espana_2024_ST18,2024,vuelta-a-espana,18,135,0.1002617267163833,0.14573851925154138,0.16929710055708114,0.0,0.0,0.0,0.0,0.21332145728241989,0.01,0.33232367573895233
thinking_medium_roc_auc,score_topk_raw_sum,vuelta-a-espana_2024_ST19,2024,vuelta-a-espana,19,135,0.781730447415623,0.8051122120383686,0.7328584751166224,1.0,1.0,1.0,1.0,0.6164223036770189,0.4705555555555555,0.3867720222417325
thinking_medium_roc_auc,score_topk_raw_sum,vuelta-a-espana_2024_ST2,2024,vuelta-a-espana,2,171,0.6018359199557124,0.4423107813714197,0.42054044842715343,1.0,1.0,1.0,1.0,0.30160938612181065,0.2,0.24448604411164715
thinking_medium_roc_auc,score_topk_raw_sum,vuelta-a-espana_2024_ST20,2024,vuelta-a-espana,20,131,0.6110124136178919,0.6380953830858771,0.66856042668033,0.0,0.0,0.0,1.0,0.6539510906684228,0.3488888888888889,0.4132333315539422
thinking_medium_roc_auc,score_topk_raw_sum,vuelta-a-espana_2024_ST3,2024,vuelta-a-espana,3,171,0.6018359199557124,0.4423107813714197,0.4513463823223622,0.0,1.0,1.0,1.0,0.3174689711605727,0.2,0.36885784913720693
thinking_medium_roc_auc,score_topk_raw_sum,vuelta-a-espana_2024_ST4,2024,vuelta-a-espana,4,171,0.6534081967245269,0.5598326362987464,0.6352027938804714,1.0,1.0,1.0,1.0,0.6006880611219191,0.23333333333333334,0.507639138886889
thinking_medium_roc_auc,score_topk_raw_sum,vuelta-a-espana_2024_ST5,2024,vuelta-a-espana,5,170,0.6406165216830382,0.5538990307488093,0.5702948006204078,0.0,0.0,0.0,1.0,0.3488520376689788,0.31714285714285717,0.2011162608923981
thinking_medium_roc_auc,score_topk_raw_sum,vuelta-a-espana_2024_ST6,2024,vuelta-a-espana,6,167,0.1312050775123418,0.15223452640138402,0.18167246532969378,0.0,1.0,1.0,1.0,0.2316291574416362,0.02,0.41770847289929613
thinking_medium_roc_auc,score_topk_raw_sum,vuelta-a-espana_2024_ST7,2024,vuelta-a-espana,7,165,0.3600546145772339,0.3376637708996147,0.421920893151625,0.0,1.0,1.0,1.0,0.3291011409436192,0.13,0.20157347794726582
thinking_medium_roc_auc,score_topk_raw_sum,vuelta-a-espana_2024_ST8,2024,vuelta-a-espana,8,163,0.6096731708870796,0.5607538385564436,0.5526923756963021,1.0,1.0,1.0,1.0,0.4841926740056712,0.24285714285714283,0.38756989819386944
thinking_medium_roc_auc,score_topk_raw_sum,vuelta-a-espana_2024_ST9,2024,vuelta-a-espana,9,159,0.5982207385764032,0.5979064824809868,0.6023555243049038,0.0,1.0,1.0,1.0,0.6017516018373987,0.3322222222222222,0.4847086219250061
thinking_medium_roc_auc,score_topk_raw_sum,vuelta-a-espana_2025_ST1,2025,vuelta-a-espana,1,168,0.4104889601851253,0.3497181006080332,0.41132410477804254,1.0,1.0,1.0,1.0,0.3055167923948265,0.12,0.3517318701565593
thinking_medium_roc_auc,score_topk_raw_sum,vuelta-a-espana_2025_ST10,2025,vuelta-a-espana,10,153,0.04373502583744727,0.1633873914397382,0.21986662333139403,0.0,0.0,0.0,0.0,0.28538354237596086,0.03666666666666667,0.24242089180169674
thinking_medium_roc_auc,score_topk_raw_sum,vuelta-a-espana_2025_ST12,2025,vuelta-a-espana,12,148,0.3391602052736162,0.2800035070042746,0.33900527809364217,0.0,0.0,0.0,1.0,0.20517335411464377,0.1,0.04088666121264396
thinking_medium_roc_auc,score_topk_raw_sum,vuelta-a-espana_2025_ST13,2025,vuelta-a-espana,13,144,0.526891983664894,0.41344282619596223,0.5555360794832791,0.0,1.0,1.0,1.0,0.44819707729138547,0.13999999999999999,0.323113093802749
thinking_medium_roc_auc,score_topk_raw_sum,vuelta-a-espana_2025_ST14,2025,vuelta-a-espana,14,143,0.526891983664894,0.47031879300625207,0.5615175928574808,0.0,1.0,1.0,1.0,0.4268172505339224,0.18285714285714286,0.3990692406185364
thinking_medium_roc_auc,score_topk_raw_sum,vuelta-a-espana_2025_ST15,2025,vuelta-a-espana,15,143,0.3391602052736162,0.24926098697416305,0.34021228037530915,1.0,1.0,1.0,1.0,0.23335651823400685,0.1,0.16499228471059454
thinking_medium_roc_auc,score_topk_raw_sum,vuelta-a-espana_2025_ST16,2025,vuelta-a-espana,16,140,0.11305340175787205,0.18581769470543769,0.29793570410689324,0.0,0.0,1.0,1.0,0.3072514568257214,0.01111111111111111,0.2797795805908465
thinking_medium_roc_auc,score_topk_raw_sum,vuelta-a-espana_2025_ST17,2025,vuelta-a-espana,17,140,0.4818177150966345,0.45675571687768507,0.5960339237889627,0.0,0.0,0.0,1.0,0.43060561074975545,0.2375,0.2913822133782336
thinking_medium_roc_auc,score_topk_raw_sum,vuelta-a-espana_2025_ST19,2025,vuelta-a-espana,19,140,0.5531464700081437,0.5075047239894896,0.5404090585643513,1.0,1.0,1.0,1.0,0.31996005894393886,0.25,0.07335942795915244
thinking_medium_roc_auc,score_topk_raw_sum,vuelta-a-espana_2025_ST2,2025,vuelta-a-espana,2,167,0.6386061426919538,0.7088087610149191,0.7211960726133252,1.0,1.0,1.0,1.0,0.6083323395568806,0.4891666666666666,0.46193585290692285
thinking_medium_roc_auc,score_topk_raw_sum,vuelta-a-espana_2025_ST20,2025,vuelta-a-espana,20,140,0.5416940376974672,0.39811035721469956,0.5702145007275304,1.0,1.0,1.0,1.0,0.43961668644016616,0.13999999999999999,0.47794275218123383
thinking_medium_roc_auc,score_topk_raw_sum,vuelta-a-espana_2025_ST3,2025,vuelta-a-espana,3,165,0.38289523111106344,0.5068396567499183,0.5129187489296813,0.0,0.0,1.0,1.0,0.3308368849839826,0.21083333333333334,0.39114417759730724
thinking_medium_roc_auc,score_topk_raw_sum,vuelta-a-espana_2025_ST4,2025,vuelta-a-espana,4,163,0.4400930682502716,0.34011577055090264,0.2992629574737665,0.0,0.0,0.0,0.0,0.2743999923487471,0.2,0.30696183239951014
thinking_medium_roc_auc,score_topk_raw_sum,vuelta-a-espana_2025_ST6,2025,vuelta-a-espana,6,159,0.20547787754288813,0.23641645334871517,0.3312680774791562,0.0,0.0,0.0,0.0,0.4409732615451697,0.016666666666666666,0.41632433723429674
thinking_medium_roc_auc,score_topk_raw_sum,vuelta-a-espana_2025_ST7,2025,vuelta-a-espana,7,156,0.4026517092537581,0.3755427090453013,0.4291794055308689,0.0,1.0,1.0,1.0,0.5728487272538806,0.05555555555555556,0.3781005515955177
thinking_medium_roc_auc,score_topk_raw_sum,vuelta-a-espana_2025_ST8,2025,vuelta-a-espana,8,154,0.4818177150966345,0.46430922393461693,0.45564683463012745,1.0,1.0,1.0,1.0,0.3052616637839172,0.23333333333333334,0.23873596359364863
thinking_medium_roc_auc,score_topk_raw_sum,vuelta-a-espana_2025_ST9,2025,vuelta-a-espana,9,154,0.3142479914509108,0.34862320040281175,0.5041146027533212,0.0,1.0,1.0,1.0,0.4328848997205976,0.07857142857142857,0.22963766151621942
